<?xml version="1.0" encoding="UTF-8"?>
<table>
   <title>Changes to Document Elements BDE 1.1 from BDE 1.0</title>
   <tgroup cols="3"><!--Document BDE 1.1 from BDE 1.0-->
      <colspec colwidth="35*"/>
      <colspec colwidth="35*"/>
      <colspec colwidth="30*"/>
      <thead>
         <row>
            <entry>Aggregate BIE</entry>
            <entry>Basic or Association BIE</entry>
            <entry>Changes for BDE-1.1</entry>
         </row>
      </thead>
      <tbody>
         <row><?dbhtml bgcolor="#DDDDDD"?><?dbfo bgcolor="#DDDDDD"?>
            <entry>Envelope</entry>
            <entry> </entry>
            <entry> </entry>
         </row>
         <row>
            <entry> </entry>
            <entry>ToParty</entry>
            <entry>Changed cardinality from 1 to 1..n</entry>
         </row>
      </tbody>
   </tgroup>
</table>
